,uuid,id,count
0,00009999-0000-1000-8000-00177a000002,3280,9
1,00009999-0000-1000-8000-00177a000002,3290,7
2,00009999-0000-1000-8000-00177a000002,3297,3
3,00009999-0000-1000-8000-00177a000002,3317,30
4,00009999-0000-1000-8000-00177a000002,3346,3
5,00009999-0000-1000-8000-00177a000002,3355,16
6,00009999-0000-1000-8000-00177a000002,3382,48
7,00009999-0000-1000-8000-00177a000002,3420,163
8,00009999-0000-1000-8000-00177a000002,3434,270
9,00009999-0000-1000-8000-00177a000002,3502,33
10,00009999-0000-1000-8000-00177a000002,3540,28
11,00009999-0000-1000-8000-00177a000002,3689,32
12,00009999-0000-1000-8000-00177a000002,3804,118
13,00009999-0000-1000-8000-00177a000002,3829,176
14,00009999-0000-1000-8000-00177a000002,3836,293
15,00009999-0000-1000-8000-00177a000002,3844,71
16,00009999-0000-1000-8000-00177a000002,3853,82
17,00009999-0000-1000-8000-00177a000002,3855,96
18,00009999-0000-1000-8000-00177a000002,3864,112
19,00009999-0000-1000-8000-00177a000002,3889,15
20,00009999-0000-1000-8000-00177a000002,3900,597
21,00009999-0000-1000-8000-00177a000002,3903,45
22,00009999-0000-1000-8000-00177a000002,3905,22
23,00009999-0000-1000-8000-00177a000002,3908,2
24,00009999-0000-1000-8000-00177a000002,3910,1
25,00009999-0000-1000-8000-00177a000002,3915,4
26,00009999-0000-1000-8000-00177a000002,3934,2
27,00009999-0000-1000-8000-00177a000002,4322,1
28,00009999-0000-1000-8000-00177a000002,5006,196
29,00009999-0000-1000-8000-00177a000002,5009,15
30,00009999-0000-1000-8000-00177a000002,5491,117
31,00009999-0000-1000-8000-00177a000002,5492,52
32,00009999-0000-1000-8000-00177a000002,5496,161
33,00009999-0000-1000-8000-00177a000002,5497,79
34,00009999-0000-1000-8000-00177a000002,5502,4
35,00009999-0000-1000-8000-00177a000002,5509,12
36,00009999-0000-1000-8000-00177a000002,5613,12
37,00014422-d102-11e1-9b23-00025b00a5a5,3853,32
38,000170a0-79dc-4457-8175-c2a3de60b80b,3856,53
39,00ce1c6a-0f3e-4ba4-955a-69f997ba4aa4,3853,431
40,01059016-c1e6-3da5-7b81-eb84d9860645,3900,55
41,010e5daf-960b-43da-b605-89d5f040b217,3434,3
42,03040000-2aae-4d26-ad62-03e9a8637ebd,3561,236
43,048ec0bc-7d57-4d14-90f0-4f427e8eea36,3280,8
44,06649f1a-51ec-40c2-bae0-d1c063eae3bb,3434,279
45,06649f1a-51ec-40c2-bae0-d1c063eae3bb,3438,31
46,06649f1a-51ec-40c2-bae0-d1c063eae3bb,3829,27
47,06649f1a-51ec-40c2-bae0-d1c063eae3bb,3900,454
48,06649f1a-51ec-40c2-bae0-d1c063eae3bb,5645,354
49,06649f1a-51ec-40c2-bae0-d1c063eae3bb,5878,26
50,067c472f-4465-4289-978c-0c76f743b8df,3804,217
51,09142332-4556-0f78-899e-ebbcce94eff1,3420,33
52,09142332-4556-0f78-899e-ebbcce94eff1,3438,287
53,0adb26f9-0f6f-52e3-c28e-e993430def6c,5963,6
54,0c722c7e-9a1c-f7b6-8337-579c29b39ed9,4275,213
55,0f73d453-7524-4862-a864-3420875dba4b,3579,14
56,0f73d453-7524-4862-a864-3420875dba4b,3813,38
57,0f73d453-7524-4862-a864-3420875dba4b,5156,7
58,0f73d453-7524-4862-a864-3420875dba4b,5627,13
59,12345678-abe6-c60b-ec01-098765432101,3280,250
60,146c60f1-23c8-6b23-34f3-b3ded89b4de0,3579,1447
61,14839ac4-7d7e-415c-9a42-167340cf2339,4269,30
62,1566d364-f9fb-47bf-9174-1f6f5c8734a2,3280,64
63,18a54793-5c75-49ae-af6d-3edda84dffc3,3280,5
64,18a54793-5c75-49ae-af6d-3edda84dffc3,3365,14
65,18a54793-5c75-49ae-af6d-3edda84dffc3,3561,30
66,18a54793-5c75-49ae-af6d-3edda84dffc3,3579,45
67,18a54793-5c75-49ae-af6d-3edda84dffc3,3689,34
68,18a54793-5c75-49ae-af6d-3edda84dffc3,3804,14
69,18a54793-5c75-49ae-af6d-3edda84dffc3,3853,15
70,18a54793-5c75-49ae-af6d-3edda84dffc3,3900,142
71,18a54793-5c75-49ae-af6d-3edda84dffc3,5489,128
72,18a54793-5c75-49ae-af6d-3edda84dffc3,5621,64
73,19aea2b5-f0a9-4e7a-9599-69f65845dd03,3840,1
74,19aea2b5-f0a9-4e7a-9599-69f65845dd03,3842,1
75,1acbad6e-e1a5-4838-a62a-d35d00c35b01,3280,7
76,1acbad6e-e1a5-4838-a62a-d35d00c35b01,3829,282
77,1acbad6e-e1a5-4838-a62a-d35d00c35b01,3844,77
78,1acbad6e-e1a5-4838-a62a-d35d00c35b01,3853,128
79,1b9f43be-9830-48a9-9d2f-5684fbe67624,4282,265
80,1ca92e23-f087-4df7-b9a2-fd4b716a4bf6,3317,5
81,1ca92e23-f087-4df7-b9a2-fd4b716a4bf6,3365,26
82,1ca92e23-f087-4df7-b9a2-fd4b716a4bf6,3420,27
83,1ca92e23-f087-4df7-b9a2-fd4b716a4bf6,3434,182
84,1ca92e23-f087-4df7-b9a2-fd4b716a4bf6,3438,33
85,1ca92e23-f087-4df7-b9a2-fd4b716a4bf6,3561,28
86,1ca92e23-f087-4df7-b9a2-fd4b716a4bf6,3579,82
87,1ca92e23-f087-4df7-b9a2-fd4b716a4bf6,3589,84
88,1ca92e23-f087-4df7-b9a2-fd4b716a4bf6,3779,3
89,1ca92e23-f087-4df7-b9a2-fd4b716a4bf6,3804,34
90,1ca92e23-f087-4df7-b9a2-fd4b716a4bf6,3829,91
91,1ca92e23-f087-4df7-b9a2-fd4b716a4bf6,3849,3
92,1ca92e23-f087-4df7-b9a2-fd4b716a4bf6,3880,75
93,1ca92e23-f087-4df7-b9a2-fd4b716a4bf6,3899,3
94,1ca92e23-f087-4df7-b9a2-fd4b716a4bf6,3900,32
95,1ca92e23-f087-4df7-b9a2-fd4b716a4bf6,4269,6
96,1ca92e23-f087-4df7-b9a2-fd4b716a4bf6,4275,27
97,1ca92e23-f087-4df7-b9a2-fd4b716a4bf6,4419,1
98,1ca92e23-f087-4df7-b9a2-fd4b716a4bf6,5156,45
99,1ca92e23-f087-4df7-b9a2-fd4b716a4bf6,5159,22
100,1ca92e23-f087-4df7-b9a2-fd4b716a4bf6,5160,33
101,1ca92e23-f087-4df7-b9a2-fd4b716a4bf6,5496,6
102,1ca92e23-f087-4df7-b9a2-fd4b716a4bf6,5627,83
103,1ca92e23-f087-4df7-b9a2-fd4b716a4bf6,5645,182
104,1ca92e23-f087-4df7-b9a2-fd4b716a4bf6,5744,114
105,1ca92e23-f087-4df7-b9a2-fd4b716a4bf6,5797,15
106,1ca92e23-f087-4df7-b9a2-fd4b716a4bf6,5901,13
107,1ca92e23-f087-4df7-b9a2-fd4b716a4bf6,5903,12
108,1ca92e23-f087-4df7-b9a2-fd4b716a4bf6,5912,26
109,1ca92e23-f087-4df7-b9a2-fd4b716a4bf6,5923,32
110,1ca92e23-f087-4df7-b9a2-fd4b716a4bf6,6408,66
111,1ca92e23-f087-4df7-b9a2-fd4b716a4bf6,6461,8
112,1d19a9f7-66c0-4428-9e61-f2a58b45c6f5,3317,13
113,1d19a9f7-66c0-4428-9e61-f2a58b45c6f5,3420,423
114,1d19a9f7-66c0-4428-9e61-f2a58b45c6f5,3488,61
115,1d19a9f7-66c0-4428-9e61-f2a58b45c6f5,3889,273
116,1d19a9f7-66c0-4428-9e61-f2a58b45c6f5,3903,106
117,1d19a9f7-66c0-4428-9e61-f2a58b45c6f5,3921,153
118,1e84766c-ac5c-4df6-a0af-3ea98dd5a91a,3317,90
119,1e84766c-ac5c-4df6-a0af-3ea98dd5a91a,3829,159
120,1f8e8fed-e2b7-49c8-8c17-51871e707cda,3434,1129
121,20205def-9026-4955-bdcf-0a6a0fb547d2,3864,212
122,20310c9b-98c7-94eb-2d47-cc42227e086f,3900,300
123,20cae8a0-a9cf-11e3-a5e2-0800200c9a66,3395,20
124,20cae8a0-a9cf-11e3-a5e2-0800200c9a66,3420,11
125,20cae8a0-a9cf-11e3-a5e2-0800200c9a66,3434,178
126,20cae8a0-a9cf-11e3-a5e2-0800200c9a66,3438,262
127,20cae8a0-a9cf-11e3-a5e2-0800200c9a66,3829,226
128,20cae8a0-a9cf-11e3-a5e2-0800200c9a66,3903,1
129,23445723-7230-5723-5800-28375abefd12,3280,9
130,23445723-7230-5723-5800-28375abefd12,3420,115
131,23e93f28-8b8b-45aa-a916-d68765b70982,3434,36
132,264a2992-d007-432e-b4ed-37d6af6e8d04,3420,57
133,264a2992-d007-432e-b4ed-37d6af6e8d04,3434,503
134,264a2992-d007-432e-b4ed-37d6af6e8d04,3438,374
135,264a2992-d007-432e-b4ed-37d6af6e8d04,3889,70
136,2686f39c-bada-4658-854a-a62e7e5e8b8d,3280,249
137,2686f39c-bada-4658-854a-a62e7e5e8b8d,3298,3
138,2686f39c-bada-4658-854a-a62e7e5e8b8d,3301,3
139,2686f39c-bada-4658-854a-a62e7e5e8b8d,3317,521
140,2686f39c-bada-4658-854a-a62e7e5e8b8d,3320,58
141,2686f39c-bada-4658-854a-a62e7e5e8b8d,3346,4
142,2686f39c-bada-4658-854a-a62e7e5e8b8d,3359,137
143,2686f39c-bada-4658-854a-a62e7e5e8b8d,3365,63
144,2686f39c-bada-4658-854a-a62e7e5e8b8d,3382,326
145,2686f39c-bada-4658-854a-a62e7e5e8b8d,3420,370
146,2686f39c-bada-4658-854a-a62e7e5e8b8d,3434,3663
147,2686f39c-bada-4658-854a-a62e7e5e8b8d,3438,2658
148,2686f39c-bada-4658-854a-a62e7e5e8b8d,3439,188
149,2686f39c-bada-4658-854a-a62e7e5e8b8d,3487,22
150,2686f39c-bada-4658-854a-a62e7e5e8b8d,3540,9
151,2686f39c-bada-4658-854a-a62e7e5e8b8d,3548,2
152,2686f39c-bada-4658-854a-a62e7e5e8b8d,3561,491
153,2686f39c-bada-4658-854a-a62e7e5e8b8d,3579,2697
154,2686f39c-bada-4658-854a-a62e7e5e8b8d,3589,392
155,2686f39c-bada-4658-854a-a62e7e5e8b8d,3660,257
156,2686f39c-bada-4658-854a-a62e7e5e8b8d,3689,433
157,2686f39c-bada-4658-854a-a62e7e5e8b8d,3690,206
158,2686f39c-bada-4658-854a-a62e7e5e8b8d,3692,56
159,2686f39c-bada-4658-854a-a62e7e5e8b8d,3735,14
160,2686f39c-bada-4658-854a-a62e7e5e8b8d,3779,543
161,2686f39c-bada-4658-854a-a62e7e5e8b8d,3789,291
162,2686f39c-bada-4658-854a-a62e7e5e8b8d,3791,78
163,2686f39c-bada-4658-854a-a62e7e5e8b8d,3804,740
164,2686f39c-bada-4658-854a-a62e7e5e8b8d,3807,2
165,2686f39c-bada-4658-854a-a62e7e5e8b8d,3813,680
166,2686f39c-bada-4658-854a-a62e7e5e8b8d,3814,4
167,2686f39c-bada-4658-854a-a62e7e5e8b8d,3823,507
168,2686f39c-bada-4658-854a-a62e7e5e8b8d,3829,2728
169,2686f39c-bada-4658-854a-a62e7e5e8b8d,3831,58
170,2686f39c-bada-4658-854a-a62e7e5e8b8d,3836,62
171,2686f39c-bada-4658-854a-a62e7e5e8b8d,3839,322
172,2686f39c-bada-4658-854a-a62e7e5e8b8d,3840,1
173,2686f39c-bada-4658-854a-a62e7e5e8b8d,3842,15
174,2686f39c-bada-4658-854a-a62e7e5e8b8d,3844,80
175,2686f39c-bada-4658-854a-a62e7e5e8b8d,3849,128
176,2686f39c-bada-4658-854a-a62e7e5e8b8d,3853,348
177,2686f39c-bada-4658-854a-a62e7e5e8b8d,3856,441
178,2686f39c-bada-4658-854a-a62e7e5e8b8d,3864,10033
179,2686f39c-bada-4658-854a-a62e7e5e8b8d,3879,109
180,2686f39c-bada-4658-854a-a62e7e5e8b8d,3880,161
181,2686f39c-bada-4658-854a-a62e7e5e8b8d,3888,1598
182,2686f39c-bada-4658-854a-a62e7e5e8b8d,3899,6
183,2686f39c-bada-4658-854a-a62e7e5e8b8d,3900,3648
184,2686f39c-bada-4658-854a-a62e7e5e8b8d,3903,32
185,2686f39c-bada-4658-854a-a62e7e5e8b8d,3905,1
186,2686f39c-bada-4658-854a-a62e7e5e8b8d,3907,104
187,2686f39c-bada-4658-854a-a62e7e5e8b8d,3910,670
188,2686f39c-bada-4658-854a-a62e7e5e8b8d,4268,150
189,2686f39c-bada-4658-854a-a62e7e5e8b8d,4269,82
190,2686f39c-bada-4658-854a-a62e7e5e8b8d,4275,476
191,2686f39c-bada-4658-854a-a62e7e5e8b8d,4282,807
192,2686f39c-bada-4658-854a-a62e7e5e8b8d,4320,3
193,2686f39c-bada-4658-854a-a62e7e5e8b8d,4372,4
194,2686f39c-bada-4658-854a-a62e7e5e8b8d,4373,8
195,2686f39c-bada-4658-854a-a62e7e5e8b8d,4408,94
196,2686f39c-bada-4658-854a-a62e7e5e8b8d,4770,56
197,2686f39c-bada-4658-854a-a62e7e5e8b8d,4779,762
198,2686f39c-bada-4658-854a-a62e7e5e8b8d,4780,1299
199,2686f39c-bada-4658-854a-a62e7e5e8b8d,4781,297
200,2686f39c-bada-4658-854a-a62e7e5e8b8d,4782,1103
201,2686f39c-bada-4658-854a-a62e7e5e8b8d,4793,896
202,2686f39c-bada-4658-854a-a62e7e5e8b8d,4794,268
203,2686f39c-bada-4658-854a-a62e7e5e8b8d,4805,61
204,2686f39c-bada-4658-854a-a62e7e5e8b8d,4807,16
205,2686f39c-bada-4658-854a-a62e7e5e8b8d,5006,147
206,2686f39c-bada-4658-854a-a62e7e5e8b8d,5009,4
207,2686f39c-bada-4658-854a-a62e7e5e8b8d,5156,8
208,2686f39c-bada-4658-854a-a62e7e5e8b8d,5160,83
209,2686f39c-bada-4658-854a-a62e7e5e8b8d,5261,80
210,2686f39c-bada-4658-854a-a62e7e5e8b8d,5262,77
211,2686f39c-bada-4658-854a-a62e7e5e8b8d,5268,6
212,2686f39c-bada-4658-854a-a62e7e5e8b8d,5270,79
213,2686f39c-bada-4658-854a-a62e7e5e8b8d,5488,182
214,2686f39c-bada-4658-854a-a62e7e5e8b8d,5489,404
215,2686f39c-bada-4658-854a-a62e7e5e8b8d,5490,845
216,2686f39c-bada-4658-854a-a62e7e5e8b8d,5491,166
217,2686f39c-bada-4658-854a-a62e7e5e8b8d,5492,6
218,2686f39c-bada-4658-854a-a62e7e5e8b8d,5496,43
219,2686f39c-bada-4658-854a-a62e7e5e8b8d,5613,976
220,2686f39c-bada-4658-854a-a62e7e5e8b8d,5620,949
221,2686f39c-bada-4658-854a-a62e7e5e8b8d,5621,759
222,2686f39c-bada-4658-854a-a62e7e5e8b8d,5622,1082
223,2686f39c-bada-4658-854a-a62e7e5e8b8d,5623,545
224,2686f39c-bada-4658-854a-a62e7e5e8b8d,5627,12
225,2686f39c-bada-4658-854a-a62e7e5e8b8d,5645,1079
226,2686f39c-bada-4658-854a-a62e7e5e8b8d,5655,27
227,2686f39c-bada-4658-854a-a62e7e5e8b8d,5744,167
228,2686f39c-bada-4658-854a-a62e7e5e8b8d,5745,285
229,2686f39c-bada-4658-854a-a62e7e5e8b8d,5750,34
230,2686f39c-bada-4658-854a-a62e7e5e8b8d,5797,28
231,2686f39c-bada-4658-854a-a62e7e5e8b8d,5878,145
232,2686f39c-bada-4658-854a-a62e7e5e8b8d,5901,491
233,2686f39c-bada-4658-854a-a62e7e5e8b8d,5902,62
234,2686f39c-bada-4658-854a-a62e7e5e8b8d,5903,326
235,2686f39c-bada-4658-854a-a62e7e5e8b8d,5906,55
236,2686f39c-bada-4658-854a-a62e7e5e8b8d,5912,76
237,2686f39c-bada-4658-854a-a62e7e5e8b8d,5923,81
238,2686f39c-bada-4658-854a-a62e7e5e8b8d,6301,245
239,2686f39c-bada-4658-854a-a62e7e5e8b8d,6304,37
240,2686f39c-bada-4658-854a-a62e7e5e8b8d,6310,8
241,2686f39c-bada-4658-854a-a62e7e5e8b8d,6311,116
242,2686f39c-bada-4658-854a-a62e7e5e8b8d,6393,224
243,2686f39c-bada-4658-854a-a62e7e5e8b8d,6408,2394
244,2686f39c-bada-4658-854a-a62e7e5e8b8d,6410,31
245,2686f39c-bada-4658-854a-a62e7e5e8b8d,6461,23
246,26cd69e1-dc80-4b7f-929a-166f523f1fea,3317,8
247,26ed0941-449e-4fce-978c-a4cb645b9161,3804,26
248,2a28c8e5-b65f-44aa-9837-e02e5967b100,3905,1
249,2a28c8e5-b65f-44aa-9837-e02e5967b100,3907,1
250,2a28c8e5-b65f-44aa-9837-e02e5967b101,3905,1
251,2a28c8e5-b65f-44aa-9837-e02e5967b101,3907,1
252,2a28c8e5-b65f-44aa-9837-e02e5967b102,3905,2
253,2a28c8e5-b65f-44aa-9837-e02e5967b103,3905,4
254,2a28c8e5-b65f-44aa-9837-e02e5967b104,3346,1
255,2a28c8e5-b65f-44aa-9837-e02e5967b104,3905,1
256,2a28c8e5-b65f-44aa-9837-e02e5967b105,3904,1
257,2a28c8e5-b65f-44aa-9837-e02e5967b105,3905,2
258,2a28c8e5-b65f-44aa-9837-e02e5967b105,3907,1
259,2a28c8e5-b65f-44aa-9837-e02e5967b106,3905,3
260,2a28c8e5-b65f-44aa-9837-e02e5967b106,3907,3
261,2a28c8e5-b65f-44aa-9837-e02e5967b107,3905,4
262,2a28c8e5-b65f-44aa-9837-e02e5967b108,3905,4
263,2a28c8e5-b65f-44aa-9837-e02e5967b109,3297,2
264,2a28c8e5-b65f-44aa-9837-e02e5967b109,3905,2
265,2a955cfd-667b-4ac8-9141-73b9c168da7e,3290,5
266,2a955cfd-667b-4ac8-9141-73b9c168da7e,3300,36
267,2a955cfd-667b-4ac8-9141-73b9c168da7e,3346,2
268,2a955cfd-667b-4ac8-9141-73b9c168da7e,3352,32
269,2a955cfd-667b-4ac8-9141-73b9c168da7e,3355,10
270,2a955cfd-667b-4ac8-9141-73b9c168da7e,3393,15
271,2a955cfd-667b-4ac8-9141-73b9c168da7e,3502,24
272,2a955cfd-667b-4ac8-9141-73b9c168da7e,3503,45
273,2a955cfd-667b-4ac8-9141-73b9c168da7e,3540,73
274,2a955cfd-667b-4ac8-9141-73b9c168da7e,3543,32
275,2a955cfd-667b-4ac8-9141-73b9c168da7e,3690,1
276,2a955cfd-667b-4ac8-9141-73b9c168da7e,3731,41
277,2a955cfd-667b-4ac8-9141-73b9c168da7e,3841,15
278,2a955cfd-667b-4ac8-9141-73b9c168da7e,3845,51
279,2a955cfd-667b-4ac8-9141-73b9c168da7e,3848,7
280,2a955cfd-667b-4ac8-9141-73b9c168da7e,3855,119
281,2a955cfd-667b-4ac8-9141-73b9c168da7e,3867,34
282,2a955cfd-667b-4ac8-9141-73b9c168da7e,3915,18
283,2a955cfd-667b-4ac8-9141-73b9c168da7e,3934,7
284,2a955cfd-667b-4ac8-9141-73b9c168da7e,3937,3
285,2a955cfd-667b-4ac8-9141-73b9c168da7e,5006,18
286,2a955cfd-667b-4ac8-9141-73b9c168da7e,5491,35
287,2a955cfd-667b-4ac8-9141-73b9c168da7e,5613,9
288,2b63f6bd-8cd8-4d16-948b-9bbdb89fb2ac,3317,43
289,2c0a365b-6f57-c283-0822-10675002094f,3804,30
290,2ee009b5-0665-4584-8237-be05f0748e5d,3317,14
291,2f234454-cf6d-4a0f-adf2-f4911ba9ffa6,3280,13
292,2f234454-cf6d-4a0f-adf2-f4911ba9ffa6,3395,44
293,2f234454-cf6d-4a0f-adf2-f4911ba9ffa6,3420,4
294,2f234454-cf6d-4a0f-adf2-f4911ba9ffa6,3434,175
295,2f234454-cf6d-4a0f-adf2-f4911ba9ffa6,3660,27
296,2f234454-cf6d-4a0f-adf2-f4911ba9ffa6,4269,13
297,2f234454-cf6d-4a0f-adf2-f4911ba9ffa6,4275,6
298,2f234454-cf6d-4a0f-adf2-f4911ba9ffa6,4369,41
299,2f234454-cf6d-4a0f-adf2-f4911ba9ffa6,5156,16
300,2f234454-cf6d-4a0f-adf2-f4911ba9ffa6,5627,24
301,2f24dda5-6745-4d39-99cf-d6cbea086401,3561,3639
302,2f24dda5-6745-4d39-99cf-d6cbea086401,3804,610
303,2f98233b-c528-4156-b9f6-bb8f01d2b557,5156,85
304,2f98233b-c528-4156-b9f6-bb8f01d2b557,5159,36
305,2f98233b-c528-4156-b9f6-bb8f01d2b557,5627,12
306,307e9194-9fe3-4412-ba98-6e816161a379,5496,106
307,31b0987b-7e64-4b54-ade4-4daa75573cd7,3561,13
308,31b0987b-7e64-4b54-ade4-4daa75573cd7,3879,44
309,3261b607-3a79-51cd-730d-9f7ff836e339,3298,4
310,33f08f0f-cfa7-a254-0027-eb4bbf160a17,3434,28
311,36855890-eb06-4852-89b3-d35064ddce45,3829,21
312,36855890-eb06-4852-89b3-d35064ddce45,3910,12
313,38d76936-1b9f-425a-af17-612403da18b9,3434,117
314,3c4584f5-eb2c-a63c-1e57-000000000000,3779,1
315,3cc8082f-5a54-4b3c-aeef-fa2c7fce975f,3804,10
316,3ddab011-957f-7d4a-34a6-74696673696d,5797,48
317,3ddab011-957f-7d4a-34a6-74696673696d,5923,81
318,3ddab011-957f-7d4a-34a6-74696673696d,6455,71
319,400225dd-3d15-4a4b-9db3-93c4b2d01eda,3836,10
320,40a480af-a022-4050-95d6-51a700020000,3864,252
321,4152554e-f99b-4a3b-86d0-947070693a78,3280,66
322,4152554e-f99b-4a3b-86d0-947070693a78,3317,2
323,4152554e-f99b-4a3b-86d0-947070693a78,3561,76
324,4152554e-f99b-4a3b-86d0-947070693a78,4269,22
325,4165726f-6869-7665-4e65-74776f726b73,3317,204
326,4165726f-6869-7665-4e65-74776f726b73,3561,15
327,4165726f-6869-7665-4e65-74776f726b73,3853,78
328,4165726f-6869-7665-4e65-74776f726b73,3900,186
329,434b2eb8-c28f-4089-8e7a-1e644bb13b9f,4471,9
330,434b2eb8-c28f-4089-8e7a-1e644bb13b9f,5797,18
331,43a2bc29-c111-4a76-8b6f-78aecb142e5a,3434,128
332,43a2bc29-c111-4a76-8b6f-78aecb142e5a,3438,71
333,440b011b-acc7-4de3-b991-9e825c24c810,3320,15
334,440b011b-acc7-4de3-b991-9e825c24c810,3534,40
335,458a7133-0000-4e37-a4a4-5d8492586977,3692,409
336,458a7133-0000-4e37-a4a4-5d8492586977,3804,12
337,458a7133-0000-4e37-a4a4-5d8492586977,3853,115
338,494e5445-4c4c-495f-524f-434b535f4857,3420,15
339,494e5445-4c4c-495f-524f-434b535f4857,3439,25
340,494e5445-4c4c-495f-524f-434b535f4857,3804,10
341,494e5445-4c4c-495f-524f-434b535f4857,3849,5
342,494e5445-4c4c-495f-524f-434b535f4857,4275,55
343,494e5445-4c4c-495f-524f-434b535f4857,5156,8
344,494e5445-4c4c-495f-524f-434b535f4857,5627,12
345,4a84c409-89e1-497c-8251-2f2d778db8d6,3561,161
346,4a84c409-89e1-497c-8251-2f2d778db8d6,3880,694
347,4a84c409-89e1-497c-8251-2f2d778db8d6,3888,408
348,4a84c409-89e1-497c-8251-2f2d778db8d6,3900,944
349,4b993cd6-1f3a-466f-aac7-cd79c01b9a20,3829,30
350,4b993cd6-1f3a-466f-aac7-cd79c01b9a20,3908,1
351,4d744d1f-9ee8-6e91-60ec-9c0643d8dff2,5906,38
352,4d744d1f-9ee8-6e91-60ec-9c0643d8dff2,5907,8
353,4d744d1f-9ee8-6e91-60ec-9c0643d8dff2,5908,15
354,4d744d1f-9ee8-6e91-60ec-9c0643d8dff2,5909,5
355,4e5a3705-abc0-46ef-ba23-7ba0539f77ee,3438,28
356,504f4c45-5354-4152-0000-000000000000,3395,66
357,504f4c45-5354-4152-0000-000000000000,3420,2591
358,504f4c45-5354-4152-0000-000000000000,3434,1557
359,504f4c45-5354-4152-0000-000000000000,3438,2885
360,504f4c45-5354-4152-0000-000000000000,3889,126
361,5075f606-1e0e-11e7-93ae-92361f002671,3317,1
362,50765cb7-d9ea-4e21-99a4-fa879613a492,3280,290
363,50765cb7-d9ea-4e21-99a4-fa879613a492,3297,1
364,50765cb7-d9ea-4e21-99a4-fa879613a492,3298,1
365,50765cb7-d9ea-4e21-99a4-fa879613a492,3300,6
366,50765cb7-d9ea-4e21-99a4-fa879613a492,3301,10
367,50765cb7-d9ea-4e21-99a4-fa879613a492,3317,82
368,50765cb7-d9ea-4e21-99a4-fa879613a492,3352,5
369,50765cb7-d9ea-4e21-99a4-fa879613a492,3359,7
370,50765cb7-d9ea-4e21-99a4-fa879613a492,3365,848
371,50765cb7-d9ea-4e21-99a4-fa879613a492,3382,83
372,50765cb7-d9ea-4e21-99a4-fa879613a492,3393,2
373,50765cb7-d9ea-4e21-99a4-fa879613a492,3395,162
374,50765cb7-d9ea-4e21-99a4-fa879613a492,3420,783
375,50765cb7-d9ea-4e21-99a4-fa879613a492,3426,229
376,50765cb7-d9ea-4e21-99a4-fa879613a492,3434,5242
377,50765cb7-d9ea-4e21-99a4-fa879613a492,3438,2493
378,50765cb7-d9ea-4e21-99a4-fa879613a492,3439,800
379,50765cb7-d9ea-4e21-99a4-fa879613a492,3442,16
380,50765cb7-d9ea-4e21-99a4-fa879613a492,3488,1
381,50765cb7-d9ea-4e21-99a4-fa879613a492,3540,30
382,50765cb7-d9ea-4e21-99a4-fa879613a492,3561,899
383,50765cb7-d9ea-4e21-99a4-fa879613a492,3579,2911
384,50765cb7-d9ea-4e21-99a4-fa879613a492,3589,910
385,50765cb7-d9ea-4e21-99a4-fa879613a492,3631,25
386,50765cb7-d9ea-4e21-99a4-fa879613a492,3660,20
387,50765cb7-d9ea-4e21-99a4-fa879613a492,3689,257
388,50765cb7-d9ea-4e21-99a4-fa879613a492,3690,129
389,50765cb7-d9ea-4e21-99a4-fa879613a492,3692,777
390,50765cb7-d9ea-4e21-99a4-fa879613a492,3731,6
391,50765cb7-d9ea-4e21-99a4-fa879613a492,3779,192
392,50765cb7-d9ea-4e21-99a4-fa879613a492,3789,627
393,50765cb7-d9ea-4e21-99a4-fa879613a492,3804,427
394,50765cb7-d9ea-4e21-99a4-fa879613a492,3813,224
395,50765cb7-d9ea-4e21-99a4-fa879613a492,3829,1157
396,50765cb7-d9ea-4e21-99a4-fa879613a492,3836,93
397,50765cb7-d9ea-4e21-99a4-fa879613a492,3840,4
398,50765cb7-d9ea-4e21-99a4-fa879613a492,3841,3
399,50765cb7-d9ea-4e21-99a4-fa879613a492,3842,43
400,50765cb7-d9ea-4e21-99a4-fa879613a492,3844,25
401,50765cb7-d9ea-4e21-99a4-fa879613a492,3845,8
402,50765cb7-d9ea-4e21-99a4-fa879613a492,3849,45
403,50765cb7-d9ea-4e21-99a4-fa879613a492,3853,127
404,50765cb7-d9ea-4e21-99a4-fa879613a492,3856,139
405,50765cb7-d9ea-4e21-99a4-fa879613a492,3864,4535
406,50765cb7-d9ea-4e21-99a4-fa879613a492,3867,5
407,50765cb7-d9ea-4e21-99a4-fa879613a492,3889,1
408,50765cb7-d9ea-4e21-99a4-fa879613a492,3899,2
409,50765cb7-d9ea-4e21-99a4-fa879613a492,3900,5521
410,50765cb7-d9ea-4e21-99a4-fa879613a492,3903,24
411,50765cb7-d9ea-4e21-99a4-fa879613a492,3904,1
412,50765cb7-d9ea-4e21-99a4-fa879613a492,3905,5
413,50765cb7-d9ea-4e21-99a4-fa879613a492,3907,3
414,50765cb7-d9ea-4e21-99a4-fa879613a492,3908,4
415,50765cb7-d9ea-4e21-99a4-fa879613a492,3910,1468
416,50765cb7-d9ea-4e21-99a4-fa879613a492,3934,4
417,50765cb7-d9ea-4e21-99a4-fa879613a492,4269,47
418,50765cb7-d9ea-4e21-99a4-fa879613a492,4275,750
419,50765cb7-d9ea-4e21-99a4-fa879613a492,4282,867
420,50765cb7-d9ea-4e21-99a4-fa879613a492,4770,55
421,50765cb7-d9ea-4e21-99a4-fa879613a492,4779,158
422,50765cb7-d9ea-4e21-99a4-fa879613a492,4780,118
423,50765cb7-d9ea-4e21-99a4-fa879613a492,4781,4
424,50765cb7-d9ea-4e21-99a4-fa879613a492,4782,475
425,50765cb7-d9ea-4e21-99a4-fa879613a492,4794,462
426,50765cb7-d9ea-4e21-99a4-fa879613a492,4795,228
427,50765cb7-d9ea-4e21-99a4-fa879613a492,4805,5
428,50765cb7-d9ea-4e21-99a4-fa879613a492,5156,68
429,50765cb7-d9ea-4e21-99a4-fa879613a492,5159,10
430,50765cb7-d9ea-4e21-99a4-fa879613a492,5160,33
431,50765cb7-d9ea-4e21-99a4-fa879613a492,5262,321
432,50765cb7-d9ea-4e21-99a4-fa879613a492,5268,205
433,50765cb7-d9ea-4e21-99a4-fa879613a492,5310,1
434,50765cb7-d9ea-4e21-99a4-fa879613a492,5315,1
435,50765cb7-d9ea-4e21-99a4-fa879613a492,5491,2452
436,50765cb7-d9ea-4e21-99a4-fa879613a492,5496,2
437,50765cb7-d9ea-4e21-99a4-fa879613a492,5613,766
438,50765cb7-d9ea-4e21-99a4-fa879613a492,5619,2062
439,50765cb7-d9ea-4e21-99a4-fa879613a492,5627,160
440,50765cb7-d9ea-4e21-99a4-fa879613a492,5645,524
441,50765cb7-d9ea-4e21-99a4-fa879613a492,5797,244
442,50765cb7-d9ea-4e21-99a4-fa879613a492,5901,19
443,50765cb7-d9ea-4e21-99a4-fa879613a492,5902,168
444,50765cb7-d9ea-4e21-99a4-fa879613a492,5903,438
445,50765cb7-d9ea-4e21-99a4-fa879613a492,5906,193
446,50765cb7-d9ea-4e21-99a4-fa879613a492,5907,9
447,50765cb7-d9ea-4e21-99a4-fa879613a492,5908,50
448,50765cb7-d9ea-4e21-99a4-fa879613a492,5909,25
449,50765cb7-d9ea-4e21-99a4-fa879613a492,5912,152
450,50765cb7-d9ea-4e21-99a4-fa879613a492,5913,213
451,50765cb7-d9ea-4e21-99a4-fa879613a492,5923,246
452,50765cb7-d9ea-4e21-99a4-fa879613a492,5963,16
453,50765cb7-d9ea-4e21-99a4-fa879613a492,6026,35
454,50765cb7-d9ea-4e21-99a4-fa879613a492,6461,10
455,547eaf8f-ed01-4ac9-ba18-800e320ee03c,3692,24
456,547eaf8f-ed01-4ac9-ba18-800e320ee03c,3804,794
457,547eaf8f-ed01-4ac9-ba18-800e320ee03c,3844,19
458,55aeed94-0050-4794-856a-c438e4e4b5f4,3317,10
459,55aeed94-0050-4794-856a-c438e4e4b5f4,3804,24
460,5626d6a4-dcb8-4e33-8fb7-c13c70153bb2,3905,7
461,56db0365-a001-4062-9e4d-499d3b8eccf3,3365,24
462,56db0365-a001-4062-9e4d-499d3b8eccf3,3434,27
463,56db0365-a001-4062-9e4d-499d3b8eccf3,3540,9
464,56db0365-a001-4062-9e4d-499d3b8eccf3,3660,87
465,56db0365-a001-4062-9e4d-499d3b8eccf3,3692,122
466,56db0365-a001-4062-9e4d-499d3b8eccf3,3804,359
467,56db0365-a001-4062-9e4d-499d3b8eccf3,3844,13
468,56db0365-a001-4062-9e4d-499d3b8eccf3,3910,20
469,56db0365-a001-4062-9e4d-499d3b8eccf3,4269,8
470,56db0365-a001-4062-9e4d-499d3b8eccf3,4369,48
471,56db0365-a001-4062-9e4d-499d3b8eccf3,4384,1
472,56db0365-a001-4062-9e4d-499d3b8eccf3,4392,2
473,56db0365-a001-4062-9e4d-499d3b8eccf3,5496,15
474,56db0365-a001-4062-9e4d-499d3b8eccf3,5901,58
475,5993a94c-7d97-4df7-9abf-e493bfd5d000,3317,11
476,5993a94c-7d97-4df7-9abf-e493bfd5d000,3346,3
477,5993a94c-7d97-4df7-9abf-e493bfd5d000,3434,210
478,5993a94c-7d97-4df7-9abf-e493bfd5d000,3579,2440
479,5993a94c-7d97-4df7-9abf-e493bfd5d000,3813,3359
480,5993a94c-7d97-4df7-9abf-e493bfd5d000,3824,756
481,5993a94c-7d97-4df7-9abf-e493bfd5d000,3859,2
482,5993a94c-7d97-4df7-9abf-e493bfd5d000,3880,540
483,5993a94c-7d97-4df7-9abf-e493bfd5d000,3888,4168
484,5993a94c-7d97-4df7-9abf-e493bfd5d000,3890,295
485,5993a94c-7d97-4df7-9abf-e493bfd5d000,3894,353
486,5993a94c-7d97-4df7-9abf-e493bfd5d000,3905,101
487,5993a94c-7d97-4df7-9abf-e493bfd5d000,3910,2
488,5993a94c-7d97-4df7-9abf-e493bfd5d000,4275,12
489,5993a94c-7d97-4df7-9abf-e493bfd5d000,4805,317
490,5993a94c-7d97-4df7-9abf-e493bfd5d000,5005,182
491,5993a94c-7d97-4df7-9abf-e493bfd5d000,5006,63
492,5993a94c-7d97-4df7-9abf-e493bfd5d000,5367,11
493,5993a94c-7d97-4df7-9abf-e493bfd5d000,5491,193
494,5993a94c-7d97-4df7-9abf-e493bfd5d000,5492,1
495,5993a94c-7d97-4df7-9abf-e493bfd5d000,5496,257
496,5993a94c-7d97-4df7-9abf-e493bfd5d000,5627,129
497,5993a94c-7d97-4df7-9abf-e493bfd5d000,5662,5
498,5993a94c-7d97-4df7-9abf-e493bfd5d000,6087,1
499,5993a94c-7d97-4df7-9abf-e493bfd5d000,6088,2
500,5993a94c-7d97-4df7-9abf-e493bfd5d000,6218,158
501,5993a94c-7d97-4df7-9abf-e493bfd5d000,6219,92
502,5993a94c-7d97-4df7-9abf-e493bfd5d000,6319,496
503,5a1241f8-e9e6-b882-3f11-ff1e278a3e49,5923,11
504,5a215317-4ac6-e6bc-ba34-87c35b6e79d5,5006,8
505,5e9917bd-f3ac-41e6-8226-3fd79f340dc5,3280,23
506,5e9917bd-f3ac-41e6-8226-3fd79f340dc5,3420,8
507,5e9917bd-f3ac-41e6-8226-3fd79f340dc5,3434,31
508,5e9917bd-f3ac-41e6-8226-3fd79f340dc5,3561,46
509,5e9917bd-f3ac-41e6-8226-3fd79f340dc5,3692,17
510,5e9917bd-f3ac-41e6-8226-3fd79f340dc5,3804,309
511,5e9917bd-f3ac-41e6-8226-3fd79f340dc5,3836,24
512,5e9917bd-f3ac-41e6-8226-3fd79f340dc5,3853,43
513,5e9917bd-f3ac-41e6-8226-3fd79f340dc5,3910,5
514,655f83ca-ae16-a10a-702e-31f30d58dd82,3280,4
515,655f83ca-ae16-a10a-702e-31f30d58dd82,4282,59
516,6563be34-ef11-12ab-87c9-110409b7a870,3434,7
517,6563be34-ef11-12ab-87c9-110409b7a870,3689,13
518,6563be34-ef11-12ab-87c9-110409b7a870,3783,3
519,6563be34-ef11-12ab-87c9-110409b7a870,3899,4
520,692d074b-7b14-3a63-42f1-9ed4bedd5b20,3900,20
521,6a1a7b3b-2b8c-6a4c-9a7c-0d1403107060,3317,114
522,6ab357ac-96dd-4d5e-a606-b9dd64c570c7,3420,324
523,6ab357ac-96dd-4d5e-a606-b9dd64c570c7,3434,368
524,6ab357ac-96dd-4d5e-a606-b9dd64c570c7,3442,141
525,6ab357ac-96dd-4d5e-a606-b9dd64c570c7,3487,276
526,6ab357ac-96dd-4d5e-a606-b9dd64c570c7,3779,183
527,6ab357ac-96dd-4d5e-a606-b9dd64c570c7,3789,172
528,6ab357ac-96dd-4d5e-a606-b9dd64c570c7,3823,36
529,6ab357ac-96dd-4d5e-a606-b9dd64c570c7,3829,14
530,6ab357ac-96dd-4d5e-a606-b9dd64c570c7,3853,14
531,6ab357ac-96dd-4d5e-a606-b9dd64c570c7,3864,200
532,6ab357ac-96dd-4d5e-a606-b9dd64c570c7,3899,3
533,6ab357ac-96dd-4d5e-a606-b9dd64c570c7,3900,130
534,6ab357ac-96dd-4d5e-a606-b9dd64c570c7,3910,13
535,6ab357ac-96dd-4d5e-a606-b9dd64c570c7,4269,282
536,6ab357ac-96dd-4d5e-a606-b9dd64c570c7,4275,165
537,6ab357ac-96dd-4d5e-a606-b9dd64c570c7,4471,9
538,6ab357ac-96dd-4d5e-a606-b9dd64c570c7,4781,96
539,6ab357ac-96dd-4d5e-a606-b9dd64c570c7,5268,70
540,6ab357ac-96dd-4d5e-a606-b9dd64c570c7,5620,178
541,6ab357ac-96dd-4d5e-a606-b9dd64c570c7,5621,515
542,6ab357ac-96dd-4d5e-a606-b9dd64c570c7,5797,12
543,6ca0c73c-f8ec-4687-9112-41dcb6f28879,853,15
544,6ca0c73c-f8ec-4687-9112-41dcb6f28879,3352,11
545,6ca0c73c-f8ec-4687-9112-41dcb6f28879,3420,2
546,6ca0c73c-f8ec-4687-9112-41dcb6f28879,3434,77
547,6ca0c73c-f8ec-4687-9112-41dcb6f28879,3438,77
548,6ca0c73c-f8ec-4687-9112-41dcb6f28879,3540,7
549,6ca0c73c-f8ec-4687-9112-41dcb6f28879,3579,156
550,6ca0c73c-f8ec-4687-9112-41dcb6f28879,3589,18
551,6ca0c73c-f8ec-4687-9112-41dcb6f28879,3823,35
552,6ca0c73c-f8ec-4687-9112-41dcb6f28879,3836,9
553,6ca0c73c-f8ec-4687-9112-41dcb6f28879,3864,225
554,6ca0c73c-f8ec-4687-9112-41dcb6f28879,3905,1
555,6ca0c73c-f8ec-4687-9112-41dcb6f28879,3907,1
556,6ca0c73c-f8ec-4687-9112-41dcb6f28879,4275,17
557,6ca0c73c-f8ec-4687-9112-41dcb6f28879,5627,73
558,6ca0c73c-f8ec-4687-9112-41dcb6f28879,5969,31
559,6d2c2ce8-677f-45fc-94d1-d958f23bebd0,3298,8
560,6f9c4e8b-9914-32d3-afa9-cc7a590bebd3,3420,1
561,71b2f817-2875-4835-a94e-f9b6c31a5a24,3317,22
562,71b2f817-2875-4835-a94e-f9b6c31a5a24,3438,10
563,71b2f817-2875-4835-a94e-f9b6c31a5a24,3804,23
564,71b2f817-2875-4835-a94e-f9b6c31a5a24,3910,1
565,71b2f817-2875-4835-a94e-f9b6c31a5a24,4770,36
566,71b2f817-2875-4835-a94e-f9b6c31a5a24,4795,20
567,71b2f817-2875-4835-a94e-f9b6c31a5a24,5797,2
568,71b2f817-2875-4835-a94e-f9b6c31a5a24,6026,18
569,71fb9eb2-5186-11ea-b1f4-bb928fefb7fd,3420,11
570,74278bda-b644-4520-8f0c-720eaf059935,3280,179
571,74278bda-b644-4520-8f0c-720eaf059935,3286,5
572,74278bda-b644-4520-8f0c-720eaf059935,3293,14
573,74278bda-b644-4520-8f0c-720eaf059935,3297,1
574,74278bda-b644-4520-8f0c-720eaf059935,3298,3
575,74278bda-b644-4520-8f0c-720eaf059935,3301,129
576,74278bda-b644-4520-8f0c-720eaf059935,3317,556
577,74278bda-b644-4520-8f0c-720eaf059935,3320,135
578,74278bda-b644-4520-8f0c-720eaf059935,3352,6
579,74278bda-b644-4520-8f0c-720eaf059935,3359,25
580,74278bda-b644-4520-8f0c-720eaf059935,3365,34
581,74278bda-b644-4520-8f0c-720eaf059935,3382,1100
582,74278bda-b644-4520-8f0c-720eaf059935,3395,412
583,74278bda-b644-4520-8f0c-720eaf059935,3420,1456
584,74278bda-b644-4520-8f0c-720eaf059935,3434,3612
585,74278bda-b644-4520-8f0c-720eaf059935,3438,1296
586,74278bda-b644-4520-8f0c-720eaf059935,3487,83
587,74278bda-b644-4520-8f0c-720eaf059935,3534,1
588,74278bda-b644-4520-8f0c-720eaf059935,3561,436
589,74278bda-b644-4520-8f0c-720eaf059935,3579,4092
590,74278bda-b644-4520-8f0c-720eaf059935,3589,850
591,74278bda-b644-4520-8f0c-720eaf059935,3689,144
592,74278bda-b644-4520-8f0c-720eaf059935,3690,67
593,74278bda-b644-4520-8f0c-720eaf059935,3692,161
594,74278bda-b644-4520-8f0c-720eaf059935,3789,60
595,74278bda-b644-4520-8f0c-720eaf059935,3791,1
596,74278bda-b644-4520-8f0c-720eaf059935,3804,237
597,74278bda-b644-4520-8f0c-720eaf059935,3813,658
598,74278bda-b644-4520-8f0c-720eaf059935,3829,183
599,74278bda-b644-4520-8f0c-720eaf059935,3836,240
600,74278bda-b644-4520-8f0c-720eaf059935,3840,13
601,74278bda-b644-4520-8f0c-720eaf059935,3842,39
602,74278bda-b644-4520-8f0c-720eaf059935,3844,308
603,74278bda-b644-4520-8f0c-720eaf059935,3849,319
604,74278bda-b644-4520-8f0c-720eaf059935,3853,1123
605,74278bda-b644-4520-8f0c-720eaf059935,3856,1242
606,74278bda-b644-4520-8f0c-720eaf059935,3864,4042
607,74278bda-b644-4520-8f0c-720eaf059935,3880,11
608,74278bda-b644-4520-8f0c-720eaf059935,3881,6
609,74278bda-b644-4520-8f0c-720eaf059935,3885,1
610,74278bda-b644-4520-8f0c-720eaf059935,3888,2479
611,74278bda-b644-4520-8f0c-720eaf059935,3889,921
612,74278bda-b644-4520-8f0c-720eaf059935,3894,67
613,74278bda-b644-4520-8f0c-720eaf059935,3900,8714
614,74278bda-b644-4520-8f0c-720eaf059935,3903,105
615,74278bda-b644-4520-8f0c-720eaf059935,3904,1
616,74278bda-b644-4520-8f0c-720eaf059935,3905,136
617,74278bda-b644-4520-8f0c-720eaf059935,3907,38
618,74278bda-b644-4520-8f0c-720eaf059935,3908,4
619,74278bda-b644-4520-8f0c-720eaf059935,3910,78
620,74278bda-b644-4520-8f0c-720eaf059935,4142,37
621,74278bda-b644-4520-8f0c-720eaf059935,4269,200
622,74278bda-b644-4520-8f0c-720eaf059935,4275,1265
623,74278bda-b644-4520-8f0c-720eaf059935,4282,499
624,74278bda-b644-4520-8f0c-720eaf059935,4320,13
625,74278bda-b644-4520-8f0c-720eaf059935,4369,25
626,74278bda-b644-4520-8f0c-720eaf059935,4408,228
627,74278bda-b644-4520-8f0c-720eaf059935,4419,203
628,74278bda-b644-4520-8f0c-720eaf059935,4420,68
629,74278bda-b644-4520-8f0c-720eaf059935,4422,7
630,74278bda-b644-4520-8f0c-720eaf059935,4471,16
631,74278bda-b644-4520-8f0c-720eaf059935,4774,167
632,74278bda-b644-4520-8f0c-720eaf059935,4780,157
633,74278bda-b644-4520-8f0c-720eaf059935,4781,181
634,74278bda-b644-4520-8f0c-720eaf059935,4793,52
635,74278bda-b644-4520-8f0c-720eaf059935,4794,1
636,74278bda-b644-4520-8f0c-720eaf059935,4795,510
637,74278bda-b644-4520-8f0c-720eaf059935,4796,111
638,74278bda-b644-4520-8f0c-720eaf059935,4815,4
639,74278bda-b644-4520-8f0c-720eaf059935,5006,115
640,74278bda-b644-4520-8f0c-720eaf059935,5156,15
641,74278bda-b644-4520-8f0c-720eaf059935,5160,50
642,74278bda-b644-4520-8f0c-720eaf059935,5261,206
643,74278bda-b644-4520-8f0c-720eaf059935,5262,102
644,74278bda-b644-4520-8f0c-720eaf059935,5268,667
645,74278bda-b644-4520-8f0c-720eaf059935,5488,18
646,74278bda-b644-4520-8f0c-720eaf059935,5489,209
647,74278bda-b644-4520-8f0c-720eaf059935,5490,1465
648,74278bda-b644-4520-8f0c-720eaf059935,5491,5404
649,74278bda-b644-4520-8f0c-720eaf059935,5496,94
650,74278bda-b644-4520-8f0c-720eaf059935,5613,3606
651,74278bda-b644-4520-8f0c-720eaf059935,5619,290
652,74278bda-b644-4520-8f0c-720eaf059935,5620,277
653,74278bda-b644-4520-8f0c-720eaf059935,5621,190
654,74278bda-b644-4520-8f0c-720eaf059935,5622,1970
655,74278bda-b644-4520-8f0c-720eaf059935,5623,37
656,74278bda-b644-4520-8f0c-720eaf059935,5627,100
657,74278bda-b644-4520-8f0c-720eaf059935,5750,33
658,74278bda-b644-4520-8f0c-720eaf059935,5796,32
659,74278bda-b644-4520-8f0c-720eaf059935,5797,28
660,74278bda-b644-4520-8f0c-720eaf059935,5903,121
661,74278bda-b644-4520-8f0c-720eaf059935,5906,1
662,74278bda-b644-4520-8f0c-720eaf059935,5907,26
663,74278bda-b644-4520-8f0c-720eaf059935,5908,3
664,74278bda-b644-4520-8f0c-720eaf059935,5909,51
665,74278bda-b644-4520-8f0c-720eaf059935,5911,279
666,74278bda-b644-4520-8f0c-720eaf059935,5912,36
667,74278bda-b644-4520-8f0c-720eaf059935,5913,18
668,74278bda-b644-4520-8f0c-720eaf059935,5923,352
669,74278bda-b644-4520-8f0c-720eaf059935,5925,3
670,74278bda-b644-4520-8f0c-720eaf059935,5969,4
671,74278bda-b644-4520-8f0c-720eaf059935,6017,32
672,74278bda-b644-4520-8f0c-720eaf059935,6026,18
673,74278bda-b644-4520-8f0c-720eaf059935,6301,28
674,74278bda-b644-4520-8f0c-720eaf059935,6302,45
675,74278bda-b644-4520-8f0c-720eaf059935,6303,3
676,74278bda-b644-4520-8f0c-720eaf059935,6311,49
677,74278bda-b644-4520-8f0c-720eaf059935,6384,15
678,74278bda-b644-4520-8f0c-720eaf059935,6393,57
679,74278bda-b644-4520-8f0c-720eaf059935,6408,138
680,74278bda-b644-4520-8f0c-720eaf059935,6461,1
681,75cc8143-2d24-e47a-33e4-61363092b83f,3864,1358
682,7905af11-2899-4115-ab1c-8db67c2176a8,4275,7
683,7aa9f224-d71e-4758-8f60-aa013261b9ac,3280,11
684,7aa9f224-d71e-4758-8f60-aa013261b9ac,3561,932
685,7aa9f224-d71e-4758-8f60-aa013261b9ac,3579,471
686,7aa9f224-d71e-4758-8f60-aa013261b9ac,3813,38
687,7aa9f224-d71e-4758-8f60-aa013261b9ac,3853,91
688,7aa9f224-d71e-4758-8f60-aa013261b9ac,3900,3
689,7bc8ba18-f852-407e-be5f-36eff7b677e7,3853,65
690,7f94e960-5490-41b2-b762-4ab5fc87384c,3889,1
691,8277a5f1-4166-45d1-9f97-905df2a427d5,3589,58
692,8277a5f1-4166-45d1-9f97-905df2a427d5,3789,731
693,8277a5f1-4166-45d1-9f97-905df2a427d5,3813,24
694,8277a5f1-4166-45d1-9f97-905df2a427d5,3823,993
695,8277a5f1-4166-45d1-9f97-905df2a427d5,3829,3342
696,8277a5f1-4166-45d1-9f97-905df2a427d5,3831,104
697,8277a5f1-4166-45d1-9f97-905df2a427d5,3840,3
698,8277a5f1-4166-45d1-9f97-905df2a427d5,3842,3
699,8277a5f1-4166-45d1-9f97-905df2a427d5,3849,97
700,8277a5f1-4166-45d1-9f97-905df2a427d5,3856,220
701,8277a5f1-4166-45d1-9f97-905df2a427d5,3864,116
702,8277a5f1-4166-45d1-9f97-905df2a427d5,3910,1534
703,8277a5f1-4166-45d1-9f97-905df2a427d5,4282,676
704,8277a5f1-4166-45d1-9f97-905df2a427d5,6311,28
705,82a8029d-d537-47f9-84d9-3bbc8052f66b,4282,23
706,8892d497-2507-4fbc-ac6d-e9aefe6e9266,3298,1
707,89d91339-52a3-405a-9f15-dba920f2726c,3420,809
708,89d91339-52a3-405a-9f15-dba920f2726c,3488,30
709,89d91339-52a3-405a-9f15-dba920f2726c,3889,125
710,89d91339-52a3-405a-9f15-dba920f2726c,3903,136
711,89d91339-52a3-405a-9f15-dba920f2726c,3921,61
712,8a21c76b-74e3-4341-92be-33fcfdefdd63,3280,390
713,8a21c76b-74e3-4341-92be-33fcfdefdd63,3286,5
714,8a21c76b-74e3-4341-92be-33fcfdefdd63,3297,3
715,8a21c76b-74e3-4341-92be-33fcfdefdd63,3301,6
716,8a21c76b-74e3-4341-92be-33fcfdefdd63,3317,177
717,8a21c76b-74e3-4341-92be-33fcfdefdd63,3365,32
718,8a21c76b-74e3-4341-92be-33fcfdefdd63,3382,325
719,8a21c76b-74e3-4341-92be-33fcfdefdd63,3395,78
720,8a21c76b-74e3-4341-92be-33fcfdefdd63,3420,646
721,8a21c76b-74e3-4341-92be-33fcfdefdd63,3426,56
722,8a21c76b-74e3-4341-92be-33fcfdefdd63,3434,482
723,8a21c76b-74e3-4341-92be-33fcfdefdd63,3438,1276
724,8a21c76b-74e3-4341-92be-33fcfdefdd63,3442,42
725,8a21c76b-74e3-4341-92be-33fcfdefdd63,3487,57
726,8a21c76b-74e3-4341-92be-33fcfdefdd63,3540,32
727,8a21c76b-74e3-4341-92be-33fcfdefdd63,3561,327
728,8a21c76b-74e3-4341-92be-33fcfdefdd63,3579,1993
729,8a21c76b-74e3-4341-92be-33fcfdefdd63,3589,237
730,8a21c76b-74e3-4341-92be-33fcfdefdd63,3631,279
731,8a21c76b-74e3-4341-92be-33fcfdefdd63,3660,16
732,8a21c76b-74e3-4341-92be-33fcfdefdd63,3689,68
733,8a21c76b-74e3-4341-92be-33fcfdefdd63,3690,333
734,8a21c76b-74e3-4341-92be-33fcfdefdd63,3692,47
735,8a21c76b-74e3-4341-92be-33fcfdefdd63,3779,45
736,8a21c76b-74e3-4341-92be-33fcfdefdd63,3804,442
737,8a21c76b-74e3-4341-92be-33fcfdefdd63,3813,1068
738,8a21c76b-74e3-4341-92be-33fcfdefdd63,3823,201
739,8a21c76b-74e3-4341-92be-33fcfdefdd63,3829,32
740,8a21c76b-74e3-4341-92be-33fcfdefdd63,3839,71
741,8a21c76b-74e3-4341-92be-33fcfdefdd63,3840,5
742,8a21c76b-74e3-4341-92be-33fcfdefdd63,3842,37
743,8a21c76b-74e3-4341-92be-33fcfdefdd63,3844,73
744,8a21c76b-74e3-4341-92be-33fcfdefdd63,3849,1109
745,8a21c76b-74e3-4341-92be-33fcfdefdd63,3853,532
746,8a21c76b-74e3-4341-92be-33fcfdefdd63,3855,3
747,8a21c76b-74e3-4341-92be-33fcfdefdd63,3856,25
748,8a21c76b-74e3-4341-92be-33fcfdefdd63,3864,1376
749,8a21c76b-74e3-4341-92be-33fcfdefdd63,3888,674
750,8a21c76b-74e3-4341-92be-33fcfdefdd63,3889,88
751,8a21c76b-74e3-4341-92be-33fcfdefdd63,3894,12
752,8a21c76b-74e3-4341-92be-33fcfdefdd63,3900,186
753,8a21c76b-74e3-4341-92be-33fcfdefdd63,3903,12
754,8a21c76b-74e3-4341-92be-33fcfdefdd63,3907,34
755,8a21c76b-74e3-4341-92be-33fcfdefdd63,3910,139
756,8a21c76b-74e3-4341-92be-33fcfdefdd63,4269,112
757,8a21c76b-74e3-4341-92be-33fcfdefdd63,4275,98
758,8a21c76b-74e3-4341-92be-33fcfdefdd63,4282,241
759,8a21c76b-74e3-4341-92be-33fcfdefdd63,4394,14
760,8a21c76b-74e3-4341-92be-33fcfdefdd63,4420,3
761,8a21c76b-74e3-4341-92be-33fcfdefdd63,4422,8
762,8a21c76b-74e3-4341-92be-33fcfdefdd63,4770,486
763,8a21c76b-74e3-4341-92be-33fcfdefdd63,4795,90
764,8a21c76b-74e3-4341-92be-33fcfdefdd63,5006,43
765,8a21c76b-74e3-4341-92be-33fcfdefdd63,5156,16
766,8a21c76b-74e3-4341-92be-33fcfdefdd63,5268,54
767,8a21c76b-74e3-4341-92be-33fcfdefdd63,5269,11
768,8a21c76b-74e3-4341-92be-33fcfdefdd63,5490,991
769,8a21c76b-74e3-4341-92be-33fcfdefdd63,5491,836
770,8a21c76b-74e3-4341-92be-33fcfdefdd63,5496,35
771,8a21c76b-74e3-4341-92be-33fcfdefdd63,5613,182
772,8a21c76b-74e3-4341-92be-33fcfdefdd63,5619,690
773,8a21c76b-74e3-4341-92be-33fcfdefdd63,5620,732
774,8a21c76b-74e3-4341-92be-33fcfdefdd63,5621,332
775,8a21c76b-74e3-4341-92be-33fcfdefdd63,5627,140
776,8a21c76b-74e3-4341-92be-33fcfdefdd63,5645,183
777,8a21c76b-74e3-4341-92be-33fcfdefdd63,5653,13
778,8a21c76b-74e3-4341-92be-33fcfdefdd63,5744,44
779,8a21c76b-74e3-4341-92be-33fcfdefdd63,5745,38
780,8a21c76b-74e3-4341-92be-33fcfdefdd63,5797,12
781,8a21c76b-74e3-4341-92be-33fcfdefdd63,5902,30
782,8a21c76b-74e3-4341-92be-33fcfdefdd63,5911,16
783,8a21c76b-74e3-4341-92be-33fcfdefdd63,6026,10
784,8a21c76b-74e3-4341-92be-33fcfdefdd63,6301,39
785,8a21c76b-74e3-4341-92be-33fcfdefdd63,6302,23
786,8a21c76b-74e3-4341-92be-33fcfdefdd63,6303,3
787,8a21c76b-74e3-4341-92be-33fcfdefdd63,6311,32
788,8a21c76b-74e3-4341-92be-33fcfdefdd63,6408,34
789,8b03238e-cebc-465d-8fb8-90e41e0f51ba,5270,40
790,8b03238e-cebc-465d-8fb8-90e41e0f51ba,5619,66
791,8b03238e-cebc-465d-8fb8-90e41e0f51ba,5645,33
792,8b03238e-cebc-465d-8fb8-90e41e0f51ba,6408,641
793,8b03238e-cebc-465d-8fb8-90e41e0f51ba,6410,327
794,8d213129-d56d-9e4b-77f2-2b30ebb5e7f3,3298,2
795,944ff534-ac2c-8b18-b1dc-bcf18b95f337,3561,39
796,961ee482-93b2-3d07-50fa-0334460917c2,3280,2
797,961ee482-93b2-3d07-50fa-0334460917c2,3365,113
798,98fc7ce5-64e6-4245-b1f4-5f2f9503e670,3280,32
799,991f6f79-546b-d8fa-9850-2c2388c6d2ce,3849,324
800,991f6f79-546b-d8fa-9850-2c2388c6d2ce,4173,151
801,99e8d0b6-f1b1-41b8-a035-104cf2d11497,5490,191
802,9b0c5617-4211-4c60-937d-38501df4fa4f,3280,15
803,9b0c5617-4211-4c60-937d-38501df4fa4f,5262,17
804,9b0c5617-4211-4c60-937d-38501df4fa4f,5270,8
805,9d410000-35d6-f4dd-ba60-e7bd8dc491c0,5645,18
806,9d6f9674-c3b4-aae9-35e2-ec3cfe06be5f,3317,4
807,9eb353a0-69b6-4947-b710-bae643c8bca5,3317,71
808,9eb353a0-69b6-4947-b710-bae643c8bca5,3420,25
809,9eb353a0-69b6-4947-b710-bae643c8bca5,3438,482
810,9eb353a0-69b6-4947-b710-bae643c8bca5,3690,341
811,9eb353a0-69b6-4947-b710-bae643c8bca5,3735,370
812,9eb353a0-69b6-4947-b710-bae643c8bca5,3879,170
813,a05fd6bc-e856-e9e9-7e58-c9eb207d5213,3579,188
814,a05fd6bc-e856-e9e9-7e58-c9eb207d5213,3900,3
815,a14a04b7-5f86-7310-99d5-9e3b2564c8b4,3434,8
816,a14a04b7-5f86-7310-99d5-9e3b2564c8b4,3442,65
817,a58bf14e-db0e-407e-ad7b-1d0a84528254,3561,53
818,a58bf14e-db0e-407e-ad7b-1d0a84528254,3844,720
819,a58bf14e-db0e-407e-ad7b-1d0a84528254,3853,11
820,a64ee4c7-e8c8-4656-58a5-47aacb11f9fa,3844,62
821,a64ee4c7-e8c8-4656-58a5-47aacb11f9fa,3853,12
822,a8d278e4-35b5-44ef-9cac-0f3fc511fe3e,3589,3
823,a8d278e4-35b5-44ef-9cac-0f3fc511fe3e,6461,3
824,a8ef77c2-05f4-4aed-c23e-fe1f24809c00,3434,25
825,a8ef77c2-05f4-4aed-c23e-fe1f24809c00,3442,32
826,aa0c1a63-153f-4256-bc10-398508e2b590,3420,122
827,aa0c1a63-153f-4256-bc10-398508e2b590,3434,1007
828,aa0c1a63-153f-4256-bc10-398508e2b590,3910,23
829,aa0c1a63-153f-4256-bc10-398508e2b590,4770,359
830,aa0c1a63-153f-4256-bc10-398508e2b590,4774,421
831,aa0c1a63-153f-4256-bc10-398508e2b590,4779,367
832,aa0c1a63-153f-4256-bc10-398508e2b590,5156,8
833,aa0c1a63-153f-4256-bc10-398508e2b590,5627,12
834,aa0c1a63-153f-4256-bc10-398508e2b590,5745,126
835,aa0c1a63-153f-4256-bc10-398508e2b590,5746,151
836,aa0c1a63-153f-4256-bc10-398508e2b590,5901,19
837,aaaaaaa0-bbb0-ccc0-ddd0-97c440000001,4805,40
838,aaaaaaa0-bbb0-ccc0-ddd0-97c440000001,5797,1
839,aaaaaaa0-bbb0-ccc0-ddd0-97c440000001,6461,14
840,ab287db0-112f-e62e-8e75-3e90bce4c55d,3836,1
841,ab4c8ae3-86c7-4602-afb7-e82f678ef65a,3561,203
842,b0e9abf6-8c64-423a-b8d5-6669de4f4bdb,3579,39
843,b19c90c3-c82c-ba3f-fa50-fdd2b787e5bb,3907,22
844,b2e5fc49-d460-42b9-893c-27dbaff94300,3420,15
845,b2e5fc49-d460-42b9-893c-27dbaff94300,3488,14
846,b2e5fc49-d460-42b9-893c-27dbaff94300,3921,14
847,b2e5fc49-d460-42b9-893c-27dbaff94301,3420,26
848,b2e5fc49-d460-42b9-893c-27dbaff94301,3439,1
849,b2e5fc49-d460-42b9-893c-27dbaff94301,3804,7
850,b2e5fc49-d460-42b9-893c-27dbaff94301,3889,16
851,b2e5fc49-d460-42b9-893c-27dbaff94301,3921,15
852,b2e5fc49-d460-42b9-893c-27dbaff94302,3420,60
853,b2e5fc49-d460-42b9-893c-27dbaff94302,3689,28
854,b2e5fc49-d460-42b9-893c-27dbaff94302,3889,30
855,b2e5fc49-d460-42b9-893c-27dbaff94303,3420,39
856,b2e5fc49-d460-42b9-893c-27dbaff94303,3561,5
857,b2e5fc49-d460-42b9-893c-27dbaff94303,3889,45
858,b2e5fc49-d460-42b9-893c-27dbaff94304,3420,45
859,b2e5fc49-d460-42b9-893c-27dbaff94304,3439,1
860,b2e5fc49-d460-42b9-893c-27dbaff94304,3488,1
861,b2e5fc49-d460-42b9-893c-27dbaff94304,3589,5
862,b2e5fc49-d460-42b9-893c-27dbaff94304,3735,12
863,b2e5fc49-d460-42b9-893c-27dbaff94304,3889,1
864,b2e5fc49-d460-42b9-893c-27dbaff94304,3900,9
865,b2e5fc49-d460-42b9-893c-27dbaff94304,3921,15
866,b2e5fc49-d460-42b9-893c-27dbaff94305,3420,20
867,b2e5fc49-d460-42b9-893c-27dbaff94305,3921,15
868,b2e5fc49-d460-42b9-893c-27dbaff94306,3420,24
869,b2e5fc49-d460-42b9-893c-27dbaff94306,3689,14
870,b2e5fc49-d460-42b9-893c-27dbaff94306,3889,22
871,b2e5fc49-d460-42b9-893c-27dbaff94306,3921,2
872,b2e5fc49-d460-42b9-893c-27dbaff94307,3317,15
873,b2e5fc49-d460-42b9-893c-27dbaff94307,3420,2
874,b2e5fc49-d460-42b9-893c-27dbaff94307,3488,29
875,b2e5fc49-d460-42b9-893c-27dbaff94307,3689,27
876,b2e5fc49-d460-42b9-893c-27dbaff94307,3889,30
877,b2e5fc49-d460-42b9-893c-27dbaff94307,3921,29
878,b2e5fc49-d460-42b9-893c-27dbaff94308,3317,14
879,b2e5fc49-d460-42b9-893c-27dbaff94308,3689,28
880,b2e5fc49-d460-42b9-893c-27dbaff94308,3889,30
881,b2e5fc49-d460-42b9-893c-27dbaff94309,3317,14
882,b2e5fc49-d460-42b9-893c-27dbaff94309,3420,34
883,b2e5fc49-d460-42b9-893c-27dbaff94309,3439,1
884,b2e5fc49-d460-42b9-893c-27dbaff94309,3689,28
885,b2e5fc49-d460-42b9-893c-27dbaff94309,3889,46
886,b2e5fc49-d460-42b9-893c-27dbaff94309,3900,11
887,b2e5fc49-d460-42b9-893c-27dbaff94309,4394,9
888,b2e5fc49-d460-42b9-893c-27dbaff9430a,3420,32
889,b2e5fc49-d460-42b9-893c-27dbaff9430a,3889,30
890,b2e5fc49-d460-42b9-893c-27dbaff9430a,3900,22
891,b2e5fc49-d460-42b9-893c-27dbaff9430a,4394,20
892,b2e5fc49-d460-42b9-893c-27dbaff9430b,3317,14
893,b2e5fc49-d460-42b9-893c-27dbaff9430b,3420,33
894,b2e5fc49-d460-42b9-893c-27dbaff9430b,3488,2
895,b2e5fc49-d460-42b9-893c-27dbaff9430b,3889,45
896,b2e5fc49-d460-42b9-893c-27dbaff9430b,3921,13
897,b2e5fc49-d460-42b9-893c-27dbaff9430b,4394,14
898,b2e5fc49-d460-42b9-893c-27dbaff9430c,3420,26
899,b2e5fc49-d460-42b9-893c-27dbaff9430c,3804,13
900,b2e5fc49-d460-42b9-893c-27dbaff9430c,4394,11
901,b8ba3d72-9fd6-4ca1-89f6-d0da18de8375,3301,3
902,b8ba3d72-9fd6-4ca1-89f6-d0da18de8375,3420,1
903,b8ba3d72-9fd6-4ca1-89f6-d0da18de8375,3434,21
904,b8ba3d72-9fd6-4ca1-89f6-d0da18de8375,3829,675
905,b8ba3d72-9fd6-4ca1-89f6-d0da18de8375,3842,15
906,b8fed863-9f1c-447c-8f82-df0c2e067dea,3280,3
907,b8fed863-9f1c-447c-8f82-df0c2e067dea,3317,4
908,b8fed863-9f1c-447c-8f82-df0c2e067dea,3442,45
909,ba679be4-7e1d-42b7-80f7-c97a162dab5b,3735,11
910,ba679be4-7e1d-42b7-80f7-c97a162dab5b,4394,11
911,ba7c72e9-17c1-4ecc-b3c0-0c960b14319e,3317,110
912,ba7c72e9-17c1-4ecc-b3c0-0c960b14319e,3589,5
913,ba7c72e9-17c1-4ecc-b3c0-0c960b14319e,3689,14
914,ba7c72e9-17c1-4ecc-b3c0-0c960b14319e,3804,62
915,ba7c72e9-17c1-4ecc-b3c0-0c960b14319e,4320,1
916,bb407f30-f5f8-466e-aff9-25556b57fe66,3280,9
917,bb407f30-f5f8-466e-aff9-25556b57fe66,3298,2
918,bb407f30-f5f8-466e-aff9-25556b57fe66,3660,23
919,bb865c82-49f0-4df9-b8f5-75a406405cbb,3317,38
920,bb865c82-49f0-4df9-b8f5-75a406405cbb,3434,14
921,bb865c82-49f0-4df9-b8f5-75a406405cbb,3689,36
922,bd48e18c-fc04-4c27-8176-8e55e8045c97,3844,9
923,bd48e18c-fc04-4c27-8176-8e55e8045c97,3853,25
924,bfd12541-ce23-4201-a9f1-e97a24acac95,3540,16
925,bfd12541-ce23-4201-a9f1-e97a24acac95,3829,222
926,bfd12541-ce23-4201-a9f1-e97a24acac95,3853,35
927,c0017e14-1a0c-494e-bf84-dd478a47d0d5,3836,3
928,c4abe711-56a5-fa70-a23f-616263646566,3317,2
929,c4abe711-56a5-fa70-a23f-616263646566,3434,365
930,c4abe711-56a5-fa70-a23f-616263646566,3561,83
931,c4abe711-56a5-fa70-a23f-616263646566,3589,15
932,c4abe711-56a5-fa70-a23f-616263646566,3829,115
933,c4abe711-56a5-fa70-a23f-616263646566,3849,23
934,c4abe711-56a5-fa70-a23f-616263646566,3853,122
935,c4abe711-56a5-fa70-a23f-616263646566,3864,54
936,c4abe711-56a5-fa70-a23f-616263646566,3888,40
937,c4abe711-56a5-fa70-a23f-616263646566,3905,9
938,c4abe711-56a5-fa70-a23f-616263646566,4173,37
939,c4abe711-56a5-fa70-a23f-616263646566,5912,39
940,c4b8ccde-cd5f-40ed-b5b2-f68851ff8ab2,3904,1
941,c4b8ccde-cd5f-40ed-b5b2-f68851ff8ab2,3905,1
942,c4b8ccde-cd5f-40ed-b5b2-f68851ff8ab2,3907,20
943,c75bcf5a-3f10-ee6e-8d95-4b7600020381,5645,27
944,c7804a54-10e5-4f29-9402-7465d89abeed,3280,16
945,c7804a54-10e5-4f29-9402-7465d89abeed,3434,83
946,c7804a54-10e5-4f29-9402-7465d89abeed,3829,68
947,c94749f5-0516-4b84-ab64-1d349ee9d79d,3899,1
948,c9a877b7-30ba-5d47-aadf-31aa5078c24a,3420,2
949,d451a8ca-6bf8-7847-ffad-d5370ba20806,3849,29
950,d451a8ca-6bf8-7847-ffad-d5370ba20806,3856,1262
951,d451a8ca-6bf8-7847-ffad-d5370ba20806,5653,93
952,d451a8ca-6bf8-7847-ffad-d5370ba20806,5654,4
953,d77657c4-52a7-426f-b9d0-d71e10798c8a,3280,406
954,d77657c4-52a7-426f-b9d0-d71e10798c8a,3298,2
955,d77657c4-52a7-426f-b9d0-d71e10798c8a,3301,3
956,d77657c4-52a7-426f-b9d0-d71e10798c8a,3317,10
957,d77657c4-52a7-426f-b9d0-d71e10798c8a,3330,2
958,d77657c4-52a7-426f-b9d0-d71e10798c8a,3343,4
959,d77657c4-52a7-426f-b9d0-d71e10798c8a,3365,14
960,d77657c4-52a7-426f-b9d0-d71e10798c8a,3382,30
961,d77657c4-52a7-426f-b9d0-d71e10798c8a,3395,114
962,d77657c4-52a7-426f-b9d0-d71e10798c8a,3420,786
963,d77657c4-52a7-426f-b9d0-d71e10798c8a,3426,116
964,d77657c4-52a7-426f-b9d0-d71e10798c8a,3434,1564
965,d77657c4-52a7-426f-b9d0-d71e10798c8a,3438,3815
966,d77657c4-52a7-426f-b9d0-d71e10798c8a,3487,451
967,d77657c4-52a7-426f-b9d0-d71e10798c8a,3496,150
968,d77657c4-52a7-426f-b9d0-d71e10798c8a,3502,6
969,d77657c4-52a7-426f-b9d0-d71e10798c8a,3540,8
970,d77657c4-52a7-426f-b9d0-d71e10798c8a,3548,2
971,d77657c4-52a7-426f-b9d0-d71e10798c8a,3561,511
972,d77657c4-52a7-426f-b9d0-d71e10798c8a,3631,315
973,d77657c4-52a7-426f-b9d0-d71e10798c8a,3690,467
974,d77657c4-52a7-426f-b9d0-d71e10798c8a,3692,984
975,d77657c4-52a7-426f-b9d0-d71e10798c8a,3779,99
976,d77657c4-52a7-426f-b9d0-d71e10798c8a,3780,45
977,d77657c4-52a7-426f-b9d0-d71e10798c8a,3784,165
978,d77657c4-52a7-426f-b9d0-d71e10798c8a,3793,2
979,d77657c4-52a7-426f-b9d0-d71e10798c8a,3804,691
980,d77657c4-52a7-426f-b9d0-d71e10798c8a,3807,3
981,d77657c4-52a7-426f-b9d0-d71e10798c8a,3810,72
982,d77657c4-52a7-426f-b9d0-d71e10798c8a,3814,4
983,d77657c4-52a7-426f-b9d0-d71e10798c8a,3823,669
984,d77657c4-52a7-426f-b9d0-d71e10798c8a,3825,4
985,d77657c4-52a7-426f-b9d0-d71e10798c8a,3829,235
986,d77657c4-52a7-426f-b9d0-d71e10798c8a,3839,504
987,d77657c4-52a7-426f-b9d0-d71e10798c8a,3840,3
988,d77657c4-52a7-426f-b9d0-d71e10798c8a,3842,20
989,d77657c4-52a7-426f-b9d0-d71e10798c8a,3844,159
990,d77657c4-52a7-426f-b9d0-d71e10798c8a,3853,156
991,d77657c4-52a7-426f-b9d0-d71e10798c8a,3855,1
992,d77657c4-52a7-426f-b9d0-d71e10798c8a,3891,4
993,d77657c4-52a7-426f-b9d0-d71e10798c8a,3899,6
994,d77657c4-52a7-426f-b9d0-d71e10798c8a,3900,451
995,d77657c4-52a7-426f-b9d0-d71e10798c8a,3903,115
996,d77657c4-52a7-426f-b9d0-d71e10798c8a,3908,47
997,d77657c4-52a7-426f-b9d0-d71e10798c8a,4268,915
998,d77657c4-52a7-426f-b9d0-d71e10798c8a,4269,43
999,d77657c4-52a7-426f-b9d0-d71e10798c8a,4372,5
1000,d77657c4-52a7-426f-b9d0-d71e10798c8a,4373,7
1001,d77657c4-52a7-426f-b9d0-d71e10798c8a,4389,2
1002,d77657c4-52a7-426f-b9d0-d71e10798c8a,4392,13
1003,d77657c4-52a7-426f-b9d0-d71e10798c8a,4395,2
1004,d77657c4-52a7-426f-b9d0-d71e10798c8a,4794,116
1005,d77657c4-52a7-426f-b9d0-d71e10798c8a,4795,56
1006,d77657c4-52a7-426f-b9d0-d71e10798c8a,4805,204
1007,d77657c4-52a7-426f-b9d0-d71e10798c8a,5005,6
1008,d77657c4-52a7-426f-b9d0-d71e10798c8a,5006,9
1009,d77657c4-52a7-426f-b9d0-d71e10798c8a,5156,8
1010,d77657c4-52a7-426f-b9d0-d71e10798c8a,5261,55
1011,d77657c4-52a7-426f-b9d0-d71e10798c8a,5268,27
1012,d77657c4-52a7-426f-b9d0-d71e10798c8a,5269,12
1013,d77657c4-52a7-426f-b9d0-d71e10798c8a,5270,12
1014,d77657c4-52a7-426f-b9d0-d71e10798c8a,5490,1243
1015,d77657c4-52a7-426f-b9d0-d71e10798c8a,5491,13
1016,d77657c4-52a7-426f-b9d0-d71e10798c8a,5613,3
1017,d77657c4-52a7-426f-b9d0-d71e10798c8a,5619,53
1018,d77657c4-52a7-426f-b9d0-d71e10798c8a,5620,1293
1019,d77657c4-52a7-426f-b9d0-d71e10798c8a,5621,1329
1020,d77657c4-52a7-426f-b9d0-d71e10798c8a,5627,12
1021,d77657c4-52a7-426f-b9d0-d71e10798c8a,5645,1366
1022,d77657c4-52a7-426f-b9d0-d71e10798c8a,6301,130
1023,d77657c4-52a7-426f-b9d0-d71e10798c8a,6302,110
1024,d77657c4-52a7-426f-b9d0-d71e10798c8a,6303,20
1025,d77657c4-52a7-426f-b9d0-d71e10798c8a,6408,263
1026,d77657c4-52a7-426f-b9d0-d71e10798c8a,6410,71
1027,d77657c4-52a7-426f-b9d0-d71e10798c8a,6461,12
1028,d8135e1e-e71c-4e14-97a6-3501a36954d7,3804,7
1029,d8cec22e-e0c2-11e5-8d0f-02e208b2d34f,3434,34
1030,d8cec22e-e0c2-11e5-8d0f-02e208b2d34f,3836,129
1031,d8db1b53-006f-453a-b832-0f8d6bc3b35f,3434,396
1032,d954b22d-0031-4b02-b91d-f86c1fbd8d22,3438,71
1033,d954b22d-0031-4b02-b91d-f86c1fbd8d22,3561,972
1034,d954b22d-0031-4b02-b91d-f86c1fbd8d22,3579,1056
1035,d954b22d-0031-4b02-b91d-f86c1fbd8d22,3813,1009
1036,d954b22d-0031-4b02-b91d-f86c1fbd8d22,3880,3446
1037,d954b22d-0031-4b02-b91d-f86c1fbd8d22,3888,9699
1038,d954b22d-0031-4b02-b91d-f86c1fbd8d22,3900,863
1039,dc4f4e8e-d7b0-4e72-b609-97f2796149f9,3317,1
1040,dc4f4e8e-d7b0-4e72-b609-97f2796149f9,3561,169
1041,dc4f4e8e-d7b0-4e72-b609-97f2796149f9,3689,13
1042,dc4f4e8e-d7b0-4e72-b609-97f2796149f9,3735,754
1043,dc4f4e8e-d7b0-4e72-b609-97f2796149f9,3879,791
1044,dc4f4e8e-d7b0-4e72-b609-97f2796149f9,4394,84
1045,df5558f8-0c2e-46e6-9da9-4c82824ceda1,3900,4
1046,e0cb235d-7ee8-4e87-83c4-31730517fa09,3813,88
1047,e0cb235d-7ee8-4e87-83c4-31730517fa09,4471,9
1048,e0d2870b-849d-1df0-fe9a-ac5f0002038c,3829,56
1049,e150ec1c-0d67-4793-be2b-f6c0360bae61,3317,14
1050,e1717541-3116-b5a5-8f5c-458db726c2b7,5797,4
1051,e1f54e02-1e23-44e0-9c3d-512eb56adec9,3280,12
1052,e20a39f4-73f5-4bc4-1864-17d1ad07a962,3317,1
1053,e20a39f4-73f5-4bc4-1864-17d1ad07a962,3382,16
1054,e20a39f4-73f5-4bc4-1864-17d1ad07a962,3689,7
1055,e20a39f4-73f5-4bc4-1864-17d1ad07a962,3690,138
1056,e20a39f4-73f5-4bc4-1864-17d1ad07a962,4282,41
1057,e23af6ec-8e03-f0f1-3025-883100000384,3829,261
1058,e23af6ec-8e03-f0f1-3025-883100020384,3829,205
1059,e2c56db5-dffb-48d2-b060-d0f5a71096e0,3300,6
1060,e2c56db5-dffb-48d2-b060-d0f5a71096e0,3317,49
1061,e2c56db5-dffb-48d2-b060-d0f5a71096e0,3352,5
1062,e2c56db5-dffb-48d2-b060-d0f5a71096e0,3365,147
1063,e2c56db5-dffb-48d2-b060-d0f5a71096e0,3393,2
1064,e2c56db5-dffb-48d2-b060-d0f5a71096e0,3395,45
1065,e2c56db5-dffb-48d2-b060-d0f5a71096e0,3420,1252
1066,e2c56db5-dffb-48d2-b060-d0f5a71096e0,3434,199
1067,e2c56db5-dffb-48d2-b060-d0f5a71096e0,3438,439
1068,e2c56db5-dffb-48d2-b060-d0f5a71096e0,3540,11
1069,e2c56db5-dffb-48d2-b060-d0f5a71096e0,3561,384
1070,e2c56db5-dffb-48d2-b060-d0f5a71096e0,3579,422
1071,e2c56db5-dffb-48d2-b060-d0f5a71096e0,3690,182
1072,e2c56db5-dffb-48d2-b060-d0f5a71096e0,3692,76
1073,e2c56db5-dffb-48d2-b060-d0f5a71096e0,3731,6
1074,e2c56db5-dffb-48d2-b060-d0f5a71096e0,3836,148
1075,e2c56db5-dffb-48d2-b060-d0f5a71096e0,3840,3
1076,e2c56db5-dffb-48d2-b060-d0f5a71096e0,3841,3
1077,e2c56db5-dffb-48d2-b060-d0f5a71096e0,3842,3
1078,e2c56db5-dffb-48d2-b060-d0f5a71096e0,3844,75
1079,e2c56db5-dffb-48d2-b060-d0f5a71096e0,3845,9
1080,e2c56db5-dffb-48d2-b060-d0f5a71096e0,3853,98
1081,e2c56db5-dffb-48d2-b060-d0f5a71096e0,3856,44
1082,e2c56db5-dffb-48d2-b060-d0f5a71096e0,3864,594
1083,e2c56db5-dffb-48d2-b060-d0f5a71096e0,3867,5
1084,e2c56db5-dffb-48d2-b060-d0f5a71096e0,3894,21
1085,e2c56db5-dffb-48d2-b060-d0f5a71096e0,3900,1652
1086,e2c56db5-dffb-48d2-b060-d0f5a71096e0,3910,3
1087,e2c56db5-dffb-48d2-b060-d0f5a71096e0,4275,213
1088,e2c56db5-dffb-48d2-b060-d0f5a71096e0,4282,98
1089,e2c56db5-dffb-48d2-b060-d0f5a71096e0,4419,11
1090,e2c56db5-dffb-48d2-b060-d0f5a71096e0,5268,270
1091,e2c56db5-dffb-48d2-b060-d0f5a71096e0,5269,142
1092,e2c56db5-dffb-48d2-b060-d0f5a71096e0,5270,63
1093,e2c56db5-dffb-48d2-b060-d0f5a71096e0,5491,65
1094,e2c56db5-dffb-48d2-b060-d0f5a71096e0,5496,9
1095,e2c56db5-dffb-48d2-b060-d0f5a71096e0,5627,156
1096,e2c56db5-dffb-48d2-b060-d0f5a71096e0,5901,250
1097,e2c56db5-dffb-48d2-b060-d0f5a71096e0,5925,1
1098,e2c56db5-dffb-48d2-b060-d0f5a71096e0,6084,36
1099,e2c56db5-dffb-48d2-b060-d0f5a71096e0,6461,80
1100,e2e1adec-2e34-4320-82ff-b162204cef07,3856,112
1101,e2e1adec-2e34-4320-82ff-b162204cef07,5644,2
1102,e2e1adec-2e34-4320-82ff-b162204cef07,5645,5
1103,e2e1adec-2e34-4320-82ff-b162204cef07,5654,27
1104,e2e1adec-2e34-4320-82ff-b162204cef07,5655,18
1105,e502ebe8-3b55-4bfe-9c97-657e061c3114,4419,8
1106,e5a392d8-5351-4fb4-8bde-277773263d48,3434,121
1107,e5a392d8-5351-4fb4-8bde-277773263d48,5620,62
1108,e5a392d8-5351-4fb4-8bde-277773263d48,5797,2
1109,e5fae995-38cb-4d78-ac3f-bd349871d6d4,3317,67
1110,e5fae995-38cb-4d78-ac3f-bd349871d6d4,3561,128
1111,e5fae995-38cb-4d78-ac3f-bd349871d6d4,3804,232
1112,e60fdc20-9e42-11e9-b475-0800200c9a66,3301,3
1113,e60fdc20-9e42-11e9-b475-0800200c9a66,3894,1
1114,e688762b-df54-86c3-df1a-6801b80c1257,3853,42
1115,e8996658-ba30-9e10-ced8-daaeb21e1afd,3910,2
1116,ec00025c-5101-142e-3505-1ea495693654,3853,52
1117,ef090000-11d6-42ba-93b8-9dd7ec090aa9,4770,58
1118,f000f0c0-0451-4000-b000-000000000000,3849,27
1119,f02d7ba4-60a8-4ccc-9321-ac26078b9d26,3280,44
1120,f02d7ba4-60a8-4ccc-9321-ac26078b9d26,3298,2
1121,f1eabf09-e313-4fcd-80df-67c779763888,5496,129
1122,f2356731-fbd4-4a10-8aa2-c89adf48a98d,3829,21
1123,f2356731-fbd4-4a10-8aa2-c89adf48a98d,5644,1
1124,f2356731-fbd4-4a10-8aa2-c89adf48a98d,5653,237
1125,f2356731-fbd4-4a10-8aa2-c89adf48a98d,5654,53
1126,f34ebac4-7cd7-4027-878e-55f4e71d0309,3280,19
1127,f34ebac4-7cd7-4027-878e-55f4e71d0309,3317,5
1128,f34ebac4-7cd7-4027-878e-55f4e71d0309,3561,15
1129,f34ebac4-7cd7-4027-878e-55f4e71d0309,3689,3
1130,f34ebac4-7cd7-4027-878e-55f4e71d0309,3789,1
1131,f34ebac4-7cd7-4027-878e-55f4e71d0309,3804,38
1132,f34ebac4-7cd7-4027-878e-55f4e71d0309,4269,46
1133,f59d67bd-3252-4d62-8ae6-c8af3a815b8f,3561,14
1134,f59d67bd-3252-4d62-8ae6-c8af3a815b8f,4471,9
1135,f59d67bd-3252-4d62-8ae6-c8af3a815b8f,5797,42
1136,f7826da6-4fa2-4e98-8024-bc5b71e0893e,3317,35
1137,f7826da6-4fa2-4e98-8024-bc5b71e0893e,3420,115
1138,f7826da6-4fa2-4e98-8024-bc5b71e0893e,3434,31
1139,f7826da6-4fa2-4e98-8024-bc5b71e0893e,3900,7
1140,f7b5c2e9-949d-49f3-bb3b-08762506cec1,3280,1368
1141,f7b5c2e9-949d-49f3-bb3b-08762506cec1,3561,131
1142,f7b5c2e9-949d-49f3-bb3b-08762506cec1,3804,13
1143,f7f489e9-c07e-41b0-beab-a24ce4d49faa,5496,203
1144,f87681b0-a7c6-11e9-b475-0800200c9a66,3317,4
1145,f9d79150-efc7-45ab-8738-f7054902ee2b,3689,17
1146,faaf3ed6-6d65-a7a2-5f13-3024d059405d,3907,48
1147,faaf3ed6-6d65-a7a2-5f13-3024d059405d,4408,33
1148,fbdde4c1-57ed-b42f-7b9f-dd517b53f2f2,3395,291
1149,fbdde4c1-57ed-b42f-7b9f-dd517b53f2f2,3434,5000
1150,fbdde4c1-57ed-b42f-7b9f-dd517b53f2f2,3438,1642
1151,fbdde4c1-57ed-b42f-7b9f-dd517b53f2f2,3442,1126
1152,fbdde4c1-57ed-b42f-7b9f-dd517b53f2f2,3487,360
1153,fbdde4c1-57ed-b42f-7b9f-dd517b53f2f2,3789,426
1154,fbdde4c1-57ed-b42f-7b9f-dd517b53f2f2,3829,538
1155,fbdde4c1-57ed-b42f-7b9f-dd517b53f2f2,3864,1082
1156,fc9781c4-022b-4e04-9c65-cba35b2ccc49,3280,20
1157,fc9781c4-022b-4e04-9c65-cba35b2ccc49,3844,110
1158,fda50693-a4e2-4fb1-3344-df97a470ee50,3420,4
1159,fda50693-a4e2-4fb1-3344-ff767760cac6,5156,8
1160,fda50693-a4e2-4fb1-3344-ff767760cac6,5627,12
1161,fda50693-a4e2-4fb1-afcf-c6eb07647825,3395,46
1162,fda50693-a4e2-4fb1-afcf-c6eb07647825,3420,3
1163,fda50693-a4e2-4fb1-afcf-c6eb07647825,3434,206
1164,fda50693-a4e2-4fb1-afcf-c6eb07647825,3864,56
1165,fda50693-a4e2-4fb1-afcf-c6eb07647825,3900,83
1166,fda50693-a4e2-4fb1-afcf-c6eb07647825,5268,20
1167,fdb3b09b-12e2-4442-be37-35a00a1d9a06,3561,37
1168,fdb3b09b-12e2-4442-be37-35a00a1d9a06,3692,26
1169,fdb3b09b-12e2-4442-be37-35a00a1d9a06,3804,12
1170,fdb3b09b-12e2-4442-be37-35a00a1d9a06,3844,13
1171,fe913213-b311-4a42-8c16-47faeac938db,3382,116
1172,fe913213-b311-4a42-8c16-47faeac938db,3420,297
1173,fe913213-b311-4a42-8c16-47faeac938db,3434,384
1174,fe913213-b311-4a42-8c16-47faeac938db,3589,125
1175,fe913213-b311-4a42-8c16-47faeac938db,3689,7
1176,fe913213-b311-4a42-8c16-47faeac938db,3829,108
1177,fe913213-b311-4a42-8c16-47faeac938db,3836,23
1178,fe913213-b311-4a42-8c16-47faeac938db,5911,1
1179,fe913213-b311-4a42-8c16-47faeac938db,6026,19
